Date,Open,High,Low,Close,Adj Close,Volume
2019-10-14,626.000000,743.799988,625.000000,727.750000,725.742249,45270607
2019-10-15,736.000000,747.400024,696.049988,713.150024,711.182495,10530041
2019-10-16,714.000000,721.000000,698.250000,700.650024,698.717041,3476306
2019-10-17,700.099976,733.000000,687.150024,724.299988,722.301697,5032930
2019-10-18,725.000000,789.900024,716.049988,779.150024,777.000427,9733230
2019-10-22,786.950012,866.750000,781.000000,844.700012,842.369568,9346788
2019-10-23,866.000000,909.900024,866.000000,900.299988,897.816162,9023269
2019-10-24,924.950012,953.500000,862.650024,902.049988,899.561279,11871313
2019-10-25,905.000000,916.000000,876.000000,899.049988,896.569580,3849535
2019-10-27,null,null,null,null,null,null
2019-10-29,907.000000,907.400024,878.650024,883.099976,880.663574,2023748
2019-10-30,881.000000,920.000000,880.849976,890.450012,887.993347,3276203
2019-10-31,900.000000,907.700012,877.000000,881.700012,879.267517,1839718
2019-11-01,885.000000,907.950012,883.099976,890.500000,888.043274,1882230
2019-11-04,895.000000,898.000000,880.250000,883.450012,881.012695,839167
2019-11-05,886.700012,907.000000,871.299988,881.500000,879.068054,2038067
2019-11-06,885.000000,895.000000,881.000000,884.299988,881.860352,990090
2019-11-07,889.000000,892.000000,880.099976,881.500000,879.068054,775102
2019-11-08,879.750000,891.000000,872.299988,876.900024,874.480713,948769
2019-11-11,886.000000,943.349976,884.000000,932.900024,930.326294,5501875
2019-11-13,955.000000,980.900024,903.200012,932.049988,929.478577,6174470
2019-11-14,915.000000,947.000000,897.000000,907.299988,904.796814,2867396
2019-11-15,920.000000,939.799988,902.000000,928.200012,925.639221,3194038
2019-11-18,934.099976,937.900024,917.049988,922.150024,919.605896,1144000
2019-11-19,922.750000,924.000000,900.000000,902.549988,900.059937,1104593
2019-11-20,909.000000,917.000000,890.000000,895.700012,893.228882,1264597
2019-11-21,898.000000,906.000000,880.099976,884.799988,882.358948,1297118
2019-11-22,889.000000,889.000000,872.400024,875.900024,873.483459,747673
2019-11-25,879.000000,890.000000,873.099976,882.150024,879.716248,687565
2019-11-26,887.000000,895.000000,875.500000,878.700012,876.275757,794348
2019-11-27,881.099976,891.000000,880.000000,883.250000,880.813232,586626
2019-11-28,884.950012,887.799988,878.099976,882.450012,880.015442,415748
2019-11-29,882.150024,918.700012,878.000000,897.250000,894.774597,1799753
2019-12-02,902.000000,902.849976,878.150024,881.049988,878.619263,466420
2019-12-03,886.000000,889.000000,871.000000,875.000000,872.585999,550857
2019-12-04,872.000000,885.000000,862.299988,874.099976,871.688416,741046
2019-12-05,879.500000,888.900024,872.000000,875.950012,873.533386,526976
2019-12-06,877.000000,878.650024,868.150024,872.349976,869.943237,355371
2019-12-09,876.549988,876.549988,864.150024,867.400024,865.007019,354249
2019-12-10,869.799988,869.799988,855.299988,860.900024,858.524902,394809
2019-12-11,863.900024,869.950012,855.500000,864.650024,862.264526,441041
2019-12-12,865.000000,878.000000,860.099976,869.900024,867.500061,290277
2019-12-13,874.250000,903.400024,870.099976,890.500000,888.043274,1400505
2019-12-16,894.500000,894.500000,882.150024,886.700012,884.253723,356192
2019-12-17,889.000000,898.500000,883.000000,886.750000,884.303589,563331
2019-12-18,886.799988,887.500000,873.299988,875.349976,872.934998,284932
2019-12-19,872.200012,876.000000,866.200012,869.700012,867.300659,302745
2019-12-20,874.000000,874.000000,865.500000,866.849976,864.458435,261200
2019-12-23,868.000000,870.000000,861.000000,864.750000,862.364258,328209
2019-12-24,885.000000,899.799988,875.200012,887.549988,885.101379,2404158
2019-12-26,886.000000,888.000000,874.500000,876.900024,874.480713,392561
2019-12-27,881.950012,885.400024,877.000000,880.599976,878.170471,420523
2019-12-30,885.250000,937.450012,883.299988,926.150024,923.594849,3047571
2019-12-31,932.000000,954.700012,921.299988,933.450012,930.874695,3889180
2020-01-01,941.900024,953.849976,934.799988,944.349976,941.744568,1718655
2020-01-02,944.000000,944.000000,927.049988,930.400024,927.833130,657531
2020-01-03,928.000000,943.500000,927.549988,931.400024,928.830383,868570
2020-01-06,927.000000,927.049988,890.099976,894.450012,891.982300,784734
2020-01-07,897.000000,921.500000,897.000000,907.400024,904.896667,697359
2020-01-08,899.000000,902.599976,886.299988,896.150024,893.677673,554070
2020-01-09,910.349976,920.599976,910.000000,913.650024,911.129333,599400
2020-01-10,912.000000,927.400024,908.650024,917.250000,914.719421,508777
2020-01-13,920.000000,942.799988,916.049988,939.150024,936.559021,782985
2020-01-14,945.000000,983.700012,942.049988,974.150024,971.462463,2897447
2020-01-15,978.000000,996.000000,973.849976,985.400024,982.681396,1712570
2020-01-16,984.799988,1008.349976,984.750000,1003.650024,1000.881042,1521414
2020-01-17,1010.000000,1025.000000,1010.000000,1021.849976,1019.030823,1099347
2020-01-20,1027.199951,1028.199951,988.049988,993.349976,990.609436,887648
2020-01-21,992.400024,994.400024,978.000000,982.750000,980.038696,576489
2020-01-22,990.000000,1006.000000,987.000000,996.849976,994.099792,594103
2020-01-23,998.599976,1000.750000,989.000000,995.500000,992.753479,326740
2020-01-24,1000.000000,1012.599976,992.099976,1002.700012,999.933716,486570
2020-01-27,1001.900024,1017.450012,995.000000,1007.599976,1004.820068,552128
2020-01-28,1013.599976,1059.900024,1010.150024,1048.699951,1045.806763,1302893
2020-01-29,1072.500000,1129.900024,1063.500000,1116.400024,1113.319946,2878180
2020-01-30,1132.800049,1164.000000,1116.050049,1137.150024,1134.012695,3814613
2020-01-31,1152.099976,1235.000000,1146.050049,1210.300049,1206.960938,3326290
2020-02-03,1194.349976,1263.000000,1186.050049,1250.849976,1247.399048,2852658
2020-02-04,1290.000000,1438.000000,1286.000000,1412.650024,1408.752686,6594725
2020-02-05,1457.000000,1547.800049,1441.000000,1508.550049,1504.388184,10960302
2020-02-06,1532.000000,1563.000000,1472.000000,1504.300049,1500.149780,5593623
2020-02-07,1500.000000,1528.000000,1482.000000,1513.500000,1509.324463,2379411
2020-02-10,1523.900024,1538.000000,1466.000000,1480.199951,1476.116211,2990816
2020-02-11,1495.199951,1505.000000,1378.599976,1408.000000,1404.115479,2889010
2020-02-12,1395.000000,1450.000000,1350.000000,1415.250000,1411.345459,5342502
2020-02-13,1583.500000,1609.800049,1515.349976,1580.349976,1575.989990,11381387
2020-02-14,1599.000000,1603.900024,1548.599976,1557.400024,1553.103271,3329548
2020-02-17,1564.900024,1565.000000,1510.000000,1518.650024,1514.460327,1568959
2020-02-18,1515.000000,1648.000000,1485.000000,1638.599976,1634.079224,7586511
2020-02-19,1666.300049,1872.699951,1658.400024,1831.900024,1826.845947,13312044
2020-02-20,1870.000000,1977.000000,1862.050049,1930.050049,1924.725220,12052002
2020-02-24,1900.000000,1989.900024,1812.000000,1923.500000,1920.182983,9857426
2020-02-25,1923.300049,1994.000000,1917.000000,1951.949951,1948.583862,5764224
2020-02-26,1959.000000,1983.699951,1940.000000,1951.650024,1948.284424,3688725
2020-02-27,1967.000000,1970.000000,1888.800049,1909.400024,1906.107300,3475379
2020-02-28,1842.000000,1865.900024,1731.300049,1743.800049,1740.792847,5090258
2020-03-02,1810.000000,1873.699951,1636.449951,1723.250000,1720.278320,4904409
2020-03-03,1770.000000,1809.000000,1686.550049,1739.300049,1736.300659,4315203
2020-03-04,1752.000000,1765.000000,1565.400024,1565.400024,1562.700562,4406093
2020-03-05,1507.000000,1524.949951,1411.099976,1430.849976,1428.382568,7607334
2020-03-06,1359.349976,1359.349976,1359.349976,1359.349976,1357.005737,232008
2020-03-09,1291.400024,1291.400024,1291.400024,1291.400024,1289.173096,135065
2020-03-11,1226.849976,1355.949951,1226.849976,1285.349976,1283.133423,4083924
2020-03-12,1221.099976,1221.099976,1221.099976,1221.099976,1218.994263,135485
2020-03-13,1160.050049,1268.800049,1160.050049,1227.750000,1225.632813,3182947
2020-03-16,1181.099976,1198.000000,1166.400024,1166.400024,1164.388672,1345125
2020-03-17,1152.000000,1178.800049,1108.099976,1108.099976,1106.189087,1797999
2020-03-18,1076.599976,1087.949951,1052.699951,1052.699951,1050.884644,411908
2020-03-19,1000.099976,1033.000000,1000.099976,1000.099976,998.375366,671820
2020-03-20,970.250000,1005.000000,950.099976,951.000000,949.360046,3067933
2020-03-23,903.450012,903.450012,903.450012,903.450012,901.892029,166234
2020-03-24,861.000000,877.950012,858.299988,858.299988,856.819885,269327
2020-03-25,820.250000,825.000000,815.400024,815.400024,813.993896,295269
2020-03-26,774.650024,856.150024,774.650024,856.150024,854.673584,1053226
2020-03-27,898.950012,898.950012,898.950012,898.950012,897.399841,159459
2020-03-30,889.900024,943.849976,858.150024,935.799988,934.186279,1825188
2020-03-31,982.549988,982.549988,982.549988,982.549988,980.855652,64612
2020-04-01,1031.650024,1031.650024,1031.650024,1031.650024,1029.870972,56186
2020-04-03,1083.199951,1083.199951,1083.199951,1083.199951,1081.332031,222826
2020-04-07,1110.000000,1137.349976,1099.000000,1137.349976,1135.388672,595428
2020-04-08,1194.199951,1194.199951,1194.199951,1194.199951,1192.140625,96329
2020-04-09,1253.900024,1253.900024,1253.900024,1253.900024,1251.737671,102755
2020-04-13,1259.000000,1316.550049,1200.099976,1290.800049,1288.574219,3734619
2020-04-15,1226.300049,1288.800049,1226.300049,1230.550049,1228.427979,1502734
2020-04-16,1224.000000,1292.050049,1190.000000,1292.050049,1289.822021,1328030
2020-04-17,1356.650024,1356.650024,1308.650024,1356.650024,1354.310547,1950242
2020-04-20,1407.000000,1424.449951,1370.000000,1424.449951,1421.993530,1180893
2020-04-21,1410.000000,1485.000000,1380.000000,1462.099976,1459.578613,2588570
2020-04-22,1480.000000,1509.000000,1401.099976,1434.449951,1431.976318,2024658
2020-04-23,1440.000000,1448.949951,1365.550049,1371.349976,1368.985107,1486156
2020-04-24,1330.000000,1347.750000,1302.800049,1302.800049,1300.553467,911654
2020-04-27,1262.000000,1329.900024,1240.849976,1267.650024,1265.463989,1469108
2020-04-28,1280.000000,1331.000000,1235.000000,1328.400024,1326.109253,2001949
2020-04-29,1364.000000,1364.000000,1305.550049,1319.000000,1316.725464,1254219
2020-04-30,1340.000000,1344.949951,1315.000000,1324.349976,1322.066162,799125
2020-05-04,1270.099976,1304.000000,1270.099976,1282.349976,1280.138672,765846
2020-05-05,1305.000000,1309.800049,1260.000000,1262.000000,1259.823730,656939
2020-05-06,1264.000000,1268.900024,1202.250000,1216.199951,1214.102661,920899
2020-05-07,1219.400024,1248.949951,1190.000000,1214.550049,1212.455566,1023241
2020-05-08,1230.000000,1275.250000,1222.000000,1241.500000,1239.359009,1868126
2020-05-11,1303.550049,1303.550049,1303.550049,1303.550049,1301.302124,129256
2020-05-12,1368.699951,1368.699951,1368.699951,1368.699951,1366.339722,172080
2020-05-13,1437.099976,1437.099976,1376.000000,1437.099976,1434.621826,2267835
2020-05-14,1469.949951,1475.000000,1382.650024,1389.199951,1386.804443,3802074
2020-05-15,1342.000000,1377.400024,1325.650024,1330.099976,1327.806396,1285238
2020-05-18,1310.500000,1314.949951,1263.599976,1263.599976,1261.420898,862737
2020-05-19,1265.000000,1309.949951,1245.650024,1269.900024,1267.710205,1208900
2020-05-20,1333.349976,1333.349976,1333.349976,1333.349976,1331.050781,518568
2020-05-21,1400.000000,1400.000000,1400.000000,1400.000000,1397.585693,186565
2020-05-22,1449.000000,1460.000000,1400.000000,1422.699951,1420.246582,2602895
2020-05-26,1449.000000,1449.000000,1373.000000,1377.750000,1375.374146,1167558
2020-05-27,1347.000000,1414.900024,1331.000000,1391.750000,1389.350098,1205880
2020-05-28,1389.000000,1404.000000,1362.000000,1381.300049,1378.918091,720583
2020-05-29,1380.000000,1422.000000,1366.349976,1410.349976,1407.917847,1242170
2020-06-01,1450.000000,1450.000000,1411.400024,1415.750000,1413.308594,951371
2020-06-02,1422.000000,1425.000000,1402.000000,1409.849976,1407.418823,636146
2020-06-03,1415.000000,1421.650024,1389.000000,1392.550049,1390.148682,831337
2020-06-04,1397.500000,1439.900024,1381.599976,1431.449951,1428.981445,1848723
2020-06-05,1458.900024,1487.500000,1436.000000,1456.199951,1453.688843,2726144
2020-06-08,1470.000000,1595.000000,1458.849976,1532.150024,1529.507935,4335145
2020-06-09,1546.000000,1570.000000,1472.000000,1493.400024,1490.824829,1600207
2020-06-10,1496.000000,1506.849976,1437.000000,1454.550049,1452.041748,1119922
2020-06-11,1454.500000,1477.949951,1425.550049,1433.349976,1430.878296,859441
2020-06-12,1341.000000,1444.000000,1341.000000,1425.250000,1422.792114,1540111
2020-06-15,1425.000000,1449.000000,1410.650024,1423.250000,1420.795776,733614
2020-06-16,1445.000000,1452.750000,1380.800049,1411.050049,1408.616699,891190
2020-06-17,1390.000000,1417.800049,1386.050049,1395.099976,1392.694214,510592
2020-06-18,1400.000000,1427.699951,1391.349976,1409.599976,1407.169189,649092
2020-06-19,1420.000000,1446.000000,1415.000000,1423.949951,1421.494385,1500023
2020-06-22,1430.000000,1442.000000,1412.099976,1416.400024,1413.957520,769499
2020-06-23,1426.000000,1497.500000,1418.000000,1450.800049,1448.298218,2551175
2020-06-24,1461.949951,1479.000000,1417.300049,1421.000000,1418.549561,1125673
2020-06-25,1410.000000,1429.949951,1392.000000,1412.349976,1409.914429,688837
2020-06-26,1349.000000,1404.000000,1340.000000,1382.250000,1379.866333,1727815
2020-06-29,1370.000000,1370.000000,1350.050049,1355.849976,1353.511841,716556
2020-06-30,1370.000000,1384.949951,1356.099976,1358.650024,1356.307129,548360
2020-07-01,1363.650024,1377.000000,1356.000000,1363.050049,1360.699585,382780
2020-07-02,1440.000000,1467.800049,1395.300049,1412.349976,1409.914429,2158391
2020-07-03,1415.000000,1425.000000,1398.000000,1405.099976,1402.677002,599355
2020-07-06,1405.500000,1415.500000,1394.000000,1400.750000,1398.334473,614895
2020-07-07,1410.000000,1411.000000,1390.050049,1397.400024,1394.990234,480077
2020-07-08,1397.000000,1413.349976,1384.599976,1390.099976,1387.702881,472261
2020-07-09,1396.000000,1400.000000,1381.150024,1385.050049,1382.661621,352987
2020-07-10,1375.000000,1444.000000,1360.000000,1400.949951,1398.534058,1831886
2020-07-13,1444.000000,1444.000000,1386.349976,1397.349976,1394.940308,1324689
2020-07-14,1387.000000,1387.000000,1355.550049,1362.150024,1359.801025,755550
2020-07-15,1365.150024,1379.000000,1350.000000,1351.949951,1349.618530,554089
2020-07-16,1355.000000,1379.000000,1335.000000,1364.199951,1361.847534,528359
2020-07-17,1374.000000,1400.000000,1366.699951,1370.949951,1368.585815,807342
2020-07-20,1380.000000,1389.000000,1371.000000,1376.449951,1374.076416,505154
2020-07-21,1381.500000,1412.199951,1376.449951,1390.199951,1387.802612,1155149
2020-07-22,1395.000000,1398.699951,1370.000000,1372.949951,1370.582397,458127
2020-07-23,1373.099976,1386.000000,1365.050049,1371.500000,1369.134888,419142
2020-07-24,1365.099976,1372.000000,1356.000000,1357.849976,1355.508423,376151
2020-07-27,1358.000000,1361.050049,1342.050049,1344.849976,1342.530884,320861
2020-07-28,1345.000000,1354.000000,1340.000000,1345.550049,1343.229736,256361
2020-07-29,1345.000000,1369.000000,1343.050049,1352.750000,1350.417236,385496
2020-07-30,1351.000000,1359.949951,1340.000000,1340.699951,1338.387939,261620
2020-07-31,1345.800049,1346.699951,1332.150024,1335.849976,1333.546387,214854
2020-08-03,1337.000000,1362.000000,1334.199951,1339.699951,1337.389771,293415
2020-08-04,1336.000000,1347.900024,1335.199951,1339.800049,1337.489624,226467
2020-08-05,1345.000000,1347.000000,1335.000000,1336.949951,1334.644409,221229
2020-08-06,1337.500000,1347.050049,1330.199951,1334.550049,1332.248657,300267
2020-08-07,1335.000000,1339.000000,1330.000000,1331.349976,1329.054199,270307
2020-08-10,1332.000000,1337.000000,1320.449951,1323.750000,1321.467285,307725
2020-08-11,1324.000000,1384.300049,1315.050049,1372.050049,1369.683960,1109421
2020-08-12,1350.000000,1414.000000,1350.000000,1386.800049,1384.408569,1763999
2020-08-13,1398.000000,1411.900024,1375.099976,1384.099976,1381.713135,688494
2020-08-14,1385.050049,1409.500000,1350.050049,1368.599976,1366.239868,986060
2020-08-17,1378.000000,1403.599976,1360.300049,1383.550049,1381.164185,870543
2020-08-18,1380.000000,1389.900024,1375.000000,1377.650024,1375.274292,342000
2020-08-19,1386.000000,1402.000000,1338.000000,1361.800049,1359.451660,1279818
2020-08-20,1345.000000,1357.449951,1332.250000,1347.050049,1344.727051,610571
2020-08-21,1350.099976,1358.900024,1335.500000,1341.800049,1339.486084,427617
2020-08-24,1342.000000,1350.000000,1335.300049,1338.099976,1335.792480,349555
2020-08-25,1348.000000,1355.650024,1340.000000,1341.750000,1339.436279,364418
2020-08-26,1345.050049,1387.199951,1342.199951,1369.300049,1366.938843,1102062
2020-08-27,1374.500000,1384.000000,1365.000000,1367.500000,1365.141724,329601
2020-08-28,1366.000000,1379.800049,1362.550049,1366.500000,1364.143433,323676
2020-08-31,1399.000000,1399.000000,1336.000000,1344.250000,1341.931885,582625
2020-09-01,1336.000000,1365.000000,1336.000000,1351.500000,1349.169434,334529
2020-09-02,1363.000000,1369.900024,1353.099976,1359.750000,1357.405151,246512
2020-09-03,1366.000000,1388.000000,1361.199951,1368.699951,1366.339722,499612
2020-09-04,1348.000000,1369.000000,1348.000000,1365.199951,1362.845703,318112
2020-09-07,1390.000000,1451.650024,1366.000000,1414.849976,1412.410156,3210797
2020-09-08,1421.000000,1459.900024,1350.000000,1379.449951,1377.071167,3200738
2020-09-09,1350.000000,1358.699951,1321.150024,1348.900024,1346.573975,1900371
2020-09-10,1360.000000,1383.949951,1350.150024,1370.849976,1368.485962,668785
2020-09-11,1369.500000,1376.000000,1351.000000,1370.550049,1368.186646,445359
2020-09-14,1360.000000,1388.000000,1350.000000,1367.849976,1365.491211,861420
2020-09-15,1375.000000,1388.000000,1361.150024,1369.800049,1367.437866,298460
2020-09-16,1376.000000,1377.000000,1364.000000,1367.400024,1365.042114,232131
2020-09-17,1361.000000,1374.099976,1359.000000,1370.699951,1368.336182,330914
2020-09-18,1376.000000,1420.000000,1370.699951,1405.349976,1402.926514,753145
2020-09-21,1425.000000,1430.000000,1380.000000,1397.349976,1394.940308,947382
2020-09-22,1390.000000,1390.000000,1330.099976,1355.699951,1353.362183,569119
2020-09-23,1365.000000,1380.000000,1353.250000,1372.849976,1370.482544,274748
2020-09-24,1352.849976,1366.000000,1332.000000,1338.849976,1336.541260,399277
2020-09-25,1360.000000,1360.000000,1340.000000,1352.050049,1349.718506,222684
2020-09-28,1360.000000,1372.500000,1355.000000,1367.050049,1364.692627,236418
2020-09-29,1370.000000,1395.000000,1364.000000,1383.349976,1380.964478,437104
2020-09-30,1383.400024,1419.500000,1368.699951,1384.000000,1381.613403,636973
2020-10-01,1410.000000,1410.000000,1370.000000,1379.300049,1376.921509,297196
2020-10-05,1390.000000,1391.050049,1356.250000,1376.050049,1373.677124,406743
2020-10-06,1363.000000,1373.000000,1360.000000,1363.849976,1361.498169,202991
2020-10-07,1370.000000,1376.500000,1349.000000,1356.900024,1354.560059,393948
2020-10-08,1368.000000,1369.949951,1350.000000,1355.599976,1353.262329,268484
2020-10-09,1366.500000,1366.500000,1348.500000,1351.000000,1348.670288,151204
2020-10-12,1355.000000,1369.800049,1330.000000,1334.650024,1332.348511,443931
2020-10-13,1338.050049,1348.000000,1333.349976,1336.500000,1334.195313,163870
2020-10-14,1350.000000,1357.599976,1331.000000,1338.050049,1335.742676,346006
2020-10-15,1340.000000,1347.699951,1326.000000,1329.500000,1327.207275,234781
2020-10-16,1329.000000,1340.000000,1325.000000,1328.099976,1325.809814,141550
2020-10-19,1330.000000,1335.000000,1325.300049,1326.900024,1325.110718,119594
2020-10-20,1326.000000,1342.699951,1326.000000,1332.199951,1330.403442,212946
2020-10-21,1336.550049,1343.900024,1328.000000,1331.750000,1329.954102,156407
2020-10-22,1333.000000,1337.699951,1326.349976,1327.750000,1325.959595,90626
2020-10-23,1329.000000,1332.849976,1327.000000,1327.949951,1326.159180,84503
2020-10-26,1329.000000,1331.000000,1318.000000,1320.650024,1318.869141,159573
2020-10-27,1326.000000,1328.900024,1297.050049,1326.000000,1324.211914,214182
2020-10-28,1324.000000,1339.000000,1310.000000,1333.349976,1331.552002,185005
2020-10-29,1310.000000,1340.000000,1310.000000,1330.599976,1328.805664,165775
2020-10-30,1322.800049,1329.449951,1310.000000,1315.199951,1313.426392,116348
2020-11-02,1320.199951,1321.750000,1300.000000,1302.250000,1300.493896,123930
2020-11-03,1303.000000,1311.500000,1300.000000,1301.449951,1299.694946,107309
2020-11-04,1292.849976,1308.800049,1290.050049,1300.550049,1298.796265,128498
2020-11-05,1301.099976,1316.550049,1301.099976,1310.400024,1308.632935,159682
2020-11-06,1318.000000,1318.400024,1308.300049,1311.199951,1309.431763,108108
2020-11-09,1318.000000,1322.550049,1311.000000,1312.849976,1311.079590,134488
2020-11-10,1325.000000,1416.849976,1322.050049,1374.349976,1372.496704,1889923
2020-11-11,1398.000000,1407.000000,1343.000000,1371.250000,1369.400879,611896
2020-11-12,1375.000000,1400.000000,1355.099976,1381.449951,1379.587036,494237
2020-11-13,1369.000000,1403.000000,1365.900024,1389.250000,1387.376587,619636
2020-11-14,null,null,null,null,null,null
2020-11-17,1398.650024,1407.000000,1372.599976,1380.300049,1378.438721,418712
2020-11-18,1365.000000,1370.949951,1352.099976,1365.300049,1363.458984,311995
2020-11-19,1364.000000,1380.000000,1360.000000,1376.050049,1374.194458,227210
2020-11-20,1390.000000,1399.000000,1361.650024,1381.150024,1379.287598,503583
2020-11-23,1368.000000,1374.000000,1357.000000,1362.349976,1360.512817,322526
2020-11-24,1370.199951,1379.199951,1357.000000,1362.300049,1360.463013,224459
2020-11-25,1370.000000,1370.000000,1353.000000,1353.900024,1352.074341,189928
2020-11-26,1356.000000,1359.949951,1346.300049,1351.349976,1349.527710,122926
2020-11-27,1346.300049,1366.750000,1346.300049,1353.449951,1351.624878,198922
2020-12-01,1358.000000,1368.000000,1353.500000,1358.099976,1356.268555,189344
2020-12-02,1368.000000,1368.800049,1346.550049,1349.900024,1348.079712,186840
2020-12-03,1364.000000,1396.050049,1350.000000,1378.050049,1376.191772,631548
2020-12-04,1382.000000,1597.000000,1382.000000,1570.599976,1568.482056,10432630
2020-12-07,1585.000000,1720.000000,1583.000000,1691.550049,1689.269043,7808616
2020-12-08,1706.800049,1800.000000,1596.599976,1648.500000,1646.276978,6108179
2020-12-09,1666.599976,1701.250000,1601.000000,1617.750000,1615.568481,3686437
2020-12-10,1405.000000,1524.650024,1405.000000,1452.750000,1450.791016,17186934
2020-12-11,1403.949951,1448.800049,1400.000000,1421.000000,1419.083740,9772926
2020-12-14,1424.900024,1508.699951,1422.050049,1479.000000,1477.005615,9444600
2020-12-15,1494.900024,1498.000000,1431.099976,1441.000000,1439.056763,5273914
2020-12-16,1453.800049,1455.900024,1420.000000,1423.400024,1421.480591,3560008
2020-12-17,1431.000000,1441.099976,1420.250000,1424.849976,1422.928589,1327523
2020-12-18,1430.000000,1456.500000,1410.000000,1424.500000,1422.579102,3269771
2020-12-21,1423.800049,1437.500000,1359.000000,1373.500000,1371.647827,2556756
2020-12-22,1374.000000,1408.949951,1336.449951,1399.050049,1397.163452,2680817
2020-12-23,1404.400024,1423.500000,1379.050049,1411.550049,1409.646606,1632777
2020-12-24,1421.000000,1428.400024,1403.199951,1408.949951,1407.050049,1242982
2020-12-28,1420.000000,1438.300049,1411.099976,1417.949951,1416.037842,1324341
2020-12-29,1426.000000,1427.900024,1408.000000,1410.800049,1408.897583,928547
2020-12-30,1420.000000,1443.000000,1408.000000,1434.949951,1433.014893,1637204
2020-12-31,1445.000000,1465.000000,1430.750000,1437.800049,1435.861206,2644030
2021-01-01,289.399994,291.799988,288.019989,289.000000,288.610291,5820940
2021-01-04,292.399994,293.600006,289.000000,290.209991,289.818634,5262530
2021-01-05,288.739990,292.600006,286.290009,291.369995,290.977081,6194675
2021-01-06,292.390015,302.980011,289.799988,296.690002,296.289917,21223825
2021-01-07,298.799988,301.980011,296.000000,297.890015,297.488312,8845040
2021-01-08,300.799988,301.959991,292.149994,294.299988,293.903137,7844545
2021-01-11,296.470001,296.799988,290.399994,292.140015,291.746063,5149790
2021-01-12,292.140015,299.399994,290.799988,296.089996,295.690735,9024105
2021-01-13,298.399994,298.709991,288.440002,292.230011,291.835938,5903480
2021-01-14,293.690002,296.429993,290.489990,292.619995,292.225403,5618095
2021-01-15,293.690002,294.000000,287.399994,288.239990,287.851288,4983220
2021-01-18,289.690002,292.369995,283.540009,284.670013,284.286133,6329360
2021-01-19,287.600006,289.570007,286.559998,288.700012,288.310699,2887500
2021-01-20,290.000000,291.679993,287.399994,290.540009,290.148224,2870575
2021-01-21,292.000000,296.630005,290.000000,290.899994,290.507721,6042200
2021-01-22,290.799988,292.489990,284.619995,286.489990,286.103668,4410035
2021-01-25,286.600006,289.089996,283.410004,285.250000,284.865356,3497400
2021-01-27,286.549988,288.730011,284.450012,287.649994,287.262085,4115535
2021-01-28,287.299988,299.739990,286.600006,291.410004,291.017029,14139780
2021-01-29,293.600006,295.790009,289.040009,291.220001,290.827301,7003680
2021-02-01,293.950012,299.540009,290.230011,291.980011,291.586273,12208490
2021-02-02,293.600006,295.600006,292.269989,294.100006,293.703400,5315880
2021-02-03,295.480011,299.600006,292.429993,293.869995,293.473724,9312665
2021-02-04,294.959991,308.000000,292.850006,303.779999,303.370361,11025600
2021-02-05,309.940002,313.600006,303.000000,311.000000,310.580627,15029430
2021-02-08,313.959991,325.799988,312.399994,323.739990,323.303436,24263805
2021-02-09,324.799988,337.779999,318.399994,328.350006,327.907227,26576235
2021-02-10,329.679993,334.799988,322.220001,323.679993,323.243500,15255270
2021-02-11,325.200012,327.390015,322.350006,323.799988,323.363342,5604990
2021-02-12,325.489990,353.540009,325.200012,346.380005,345.912903,36497695
2021-02-15,346.799988,349.000000,336.399994,342.619995,342.157959,14605000
2021-02-16,343.600006,346.750000,332.399994,334.829987,334.378479,8881850
2021-02-17,334.399994,346.000000,331.399994,339.730011,339.271881,10460450
2021-02-18,337.209991,345.200012,337.209991,340.239990,339.781189,4680520
2021-02-19,340.589996,343.049988,331.190002,335.079987,334.628143,4986820
2021-02-22,335.000000,335.000000,319.600006,323.170013,322.734222,8588995
2021-02-23,322.989990,328.420013,318.559998,326.579987,326.139587,4687445
2021-02-24,327.600006,339.399994,326.019989,335.089996,334.638123,3235425
2021-02-25,337.000000,347.950012,334.000000,345.390015,344.924255,9537220
2021-02-26,339.000000,361.989990,336.000000,351.929993,351.455414,25638605
2021-03-01,357.589996,394.970001,355.109985,387.690002,387.167206,33081285
2021-03-02,394.100006,397.600006,374.010010,379.529999,379.018219,27796385
2021-03-03,379.799988,386.000000,376.000000,377.220001,376.711334,9159855
2021-03-04,377.000000,403.160004,374.000000,392.220001,391.691101,47960940
2021-03-05,393.989990,399.679993,379.200012,388.170013,387.646576,17979140
2021-03-08,392.000000,405.399994,385.320007,403.089996,402.546417,20916905
2021-03-09,410.000000,414.600006,403.000000,405.339996,404.793396,23912320
2021-03-10,409.000000,409.559998,401.399994,403.700012,403.155640,8479065
2021-03-12,406.000000,412.739990,393.000000,397.470001,396.934021,12514795
2021-03-15,401.290009,401.290009,383.000000,389.410004,388.884888,10548415
2021-03-16,385.720001,387.940002,378.000000,380.809998,380.296478,11025335
2021-03-17,381.000000,383.890015,360.200012,364.799988,364.308044,11818755
2021-03-18,367.600006,372.000000,348.000000,353.329987,352.853516,18337275
2021-03-19,350.000000,375.000000,340.600006,371.089996,370.589569,24535040
2021-03-22,371.399994,375.799988,360.829987,367.609985,367.114258,11250950
2021-03-23,369.700012,372.200012,366.200012,368.429993,367.933167,6601325
2021-03-24,365.940002,367.359985,350.079987,352.109985,351.635162,10445515
2021-03-25,353.799988,353.799988,341.000000,344.369995,343.905609,10838460
2021-03-26,350.000000,354.000000,343.660004,349.480011,349.008728,8880665
2021-03-30,348.079987,354.799988,348.079987,351.049988,350.576599,7365165
2021-03-31,351.739990,354.989990,347.000000,351.399994,350.926147,5430005
2021-04-01,352.000000,355.890015,350.000000,350.350006,349.877563,4724735
2021-04-05,345.200012,347.589996,335.480011,340.529999,340.070801,8114150
2021-04-06,340.529999,343.799988,336.600006,337.709991,337.254578,5058525
2021-04-07,336.839996,344.279999,334.600006,341.799988,341.339081,7335430
2021-04-08,339.760010,347.839996,336.000000,345.279999,344.814392,9702175
2021-04-09,346.000000,350.739990,343.000000,346.179993,345.713165,6254115
2021-04-12,336.040009,339.540009,314.690002,316.399994,315.973328,14036295
2021-04-13,316.410004,324.600006,316.410004,322.329987,321.895325,6131320
2021-04-15,318.420013,326.579987,317.799988,321.619995,321.186279,5790815
2021-04-16,322.200012,327.619995,321.200012,325.489990,325.051056,4840415
2021-04-19,310.000000,324.000000,310.000000,322.540009,322.105072,5966190
2021-04-20,323.200012,329.790009,323.200012,328.010010,327.567688,5716145
2021-04-22,322.799988,336.200012,322.799988,334.609985,334.158752,4942510
2021-04-23,334.000000,343.579987,332.200012,342.399994,341.938263,8147370
2021-04-26,344.380005,347.850006,343.600006,346.170013,345.703217,3958795
2021-04-27,346.000000,360.519989,342.929993,358.640015,358.156403,11298835
2021-04-28,360.000000,363.600006,355.000000,359.170013,358.685669,7690145
2021-04-29,360.200012,363.600006,353.059998,358.510010,358.026550,6060475
2021-04-30,356.980011,361.829987,351.549988,358.279999,357.796875,3783275
2021-05-03,352.200012,356.390015,350.600006,353.109985,352.633820,3866580
2021-05-04,357.000000,357.809998,352.200012,354.040009,353.562592,2930215
2021-05-05,355.000000,356.589996,343.000000,344.730011,344.265137,6078590
2021-05-06,347.100006,348.799988,343.209991,345.040009,344.574738,2386180
2021-05-07,340.000000,341.970001,336.299988,338.679993,338.223297,4155495
2021-05-10,340.000000,351.500000,338.190002,349.730011,349.258392,5144555
2021-05-11,345.000000,360.079987,344.609985,358.459991,357.976624,6486335
2021-05-12,359.799988,365.799988,346.559998,349.320007,348.848938,8139435
2021-05-14,352.000000,354.799988,346.000000,349.529999,349.058655,5857255
2021-05-17,352.630005,356.200012,348.600006,352.420013,351.944763,3874060
2021-05-18,356.000000,368.549988,354.049988,367.010010,366.515106,9526800
2021-05-19,368.799988,376.989990,368.000000,371.619995,371.118866,10493850
2021-05-20,372.399994,374.079987,364.559998,371.130005,370.629547,4799150
2021-05-21,372.000000,378.940002,370.010010,372.399994,371.897827,6000765
2021-05-24,374.000000,380.559998,373.480011,376.899994,376.391754,6355885
2021-05-25,380.299988,382.799988,378.000000,381.589996,381.075409,4947580
2021-05-26,384.000000,386.010010,377.600006,378.809998,378.299164,4613785
2021-05-27,380.000000,388.230011,375.200012,385.670013,385.149933,11421490
2021-05-28,385.600006,385.670013,377.769989,379.250000,378.738586,3356385
2021-05-31,381.970001,383.799988,379.429993,380.640015,380.126709,2485790
2021-06-01,382.359985,384.529999,377.600006,378.920013,378.409027,2098710
2021-06-02,379.989990,385.500000,379.049988,383.589996,383.072723,2883775
2021-06-03,385.600006,389.720001,383.200012,384.359985,383.841675,2749735
2021-06-04,387.399994,387.399994,382.709991,384.339996,383.821716,1798105
2021-06-07,387.799988,422.769989,385.339996,418.959991,418.395020,30720335
2021-06-08,426.190002,436.799988,424.399994,428.970001,428.391541,32451425
2021-06-09,432.000000,432.600006,412.000000,414.239990,413.681396,11678705
2021-06-10,418.700012,424.200012,410.329987,421.269989,420.701904,8977510
2021-06-11,423.000000,426.399994,416.200012,418.750000,418.185303,4220295
2021-06-14,417.989990,418.399994,405.000000,412.880005,412.323242,5011980
2021-06-15,414.200012,427.970001,412.399994,419.589996,419.024170,9562490
2021-06-16,421.890015,424.390015,415.059998,417.989990,417.426331,4284715
2021-06-17,414.000000,417.790009,407.279999,410.079987,409.527008,3771420
2021-06-18,414.049988,414.049988,395.730011,402.339996,401.797455,6521685
2021-06-21,400.000000,418.750000,396.230011,415.369995,414.809875,8466300
2021-06-22,420.000000,425.670013,415.000000,416.600006,416.038208,6428745
2021-06-23,420.399994,422.279999,414.399994,415.649994,415.089478,4048120
2021-06-24,419.600006,419.600006,413.200012,414.589996,414.030914,2707570
2021-06-25,416.869995,417.700012,410.619995,413.769989,413.212036,2379110
2021-06-28,416.799988,422.489990,413.679993,415.549988,414.989624,3538660
2021-06-29,418.399994,425.380005,413.010010,416.369995,415.808533,8367385
2021-06-30,412.109985,420.750000,404.290009,406.769989,406.221466,12814570
2021-07-01,409.559998,411.769989,406.059998,406.959991,406.411194,3754990
2021-07-02,409.600006,413.790009,407.399994,412.109985,411.554260,2610295
2021-07-05,416.799988,439.000000,413.630005,434.720001,434.133789,15752915
2021-07-06,440.000000,444.399994,432.000000,433.779999,433.195038,19202485
2021-07-07,433.779999,439.799988,432.070007,437.690002,437.099792,5026855
2021-07-08,439.000000,449.600006,437.000000,438.779999,438.188293,13226030
2021-07-09,438.779999,444.799988,433.690002,441.850006,441.254181,7415555
2021-07-12,445.790009,454.380005,443.450012,452.579987,451.969696,10442855
2021-07-13,454.600006,456.790009,451.230011,454.890015,454.276611,8587235
2021-07-14,456.380005,456.380005,449.109985,453.279999,452.668762,3411760
2021-07-15,453.279999,459.420013,450.200012,453.660004,453.048248,4459290
2021-07-16,454.799988,491.480011,453.750000,485.329987,484.675507,34640095
2021-07-19,480.980011,491.200012,477.089996,484.899994,484.246094,11797880
2021-07-20,487.200012,495.989990,474.000000,476.130005,475.487946,12440815
2021-07-22,480.799988,483.410004,468.399994,473.029999,472.392120,6746515
2021-07-23,473.980011,476.489990,463.200012,465.070007,464.442871,5243460
2021-07-26,466.899994,473.000000,460.410004,462.660004,462.036102,6531495
2021-07-27,465.589996,469.399994,456.200012,459.109985,458.490875,4632295
2021-07-28,461.000000,463.000000,452.570007,456.730011,456.114105,3579030
2021-07-29,457.559998,468.700012,457.200012,464.220001,463.593994,4462290
2021-07-30,464.799988,472.399994,460.000000,466.260010,465.631256,4357415
2021-08-02,493.799988,502.600006,484.470001,493.779999,493.114136,36666555
2021-08-03,496.250000,499.500000,489.000000,493.570007,492.904419,8598145
2021-08-04,496.000000,507.000000,493.130005,498.230011,497.558136,11512810
2021-08-05,500.200012,504.399994,493.059998,494.579987,493.913055,7075850
2021-08-06,497.000000,500.920013,494.779999,497.519989,496.849091,3553315
2021-08-09,500.079987,536.000000,499.470001,529.640015,528.925781,27172245
2021-08-10,533.000000,545.000000,524.000000,527.919983,527.208069,22718380
2021-08-11,531.390015,534.369995,505.600006,514.450012,513.756287,14865920
2021-08-12,518.789978,545.770020,514.450012,537.960022,537.234558,30341990
2021-08-13,542.859985,542.859985,527.599976,532.140015,531.422424,11688585
2021-08-16,534.760010,534.760010,522.400024,525.919983,525.210754,4956310
2021-08-17,526.000000,539.000000,523.000000,533.919983,533.200012,8253620
2021-08-18,536.549988,550.000000,534.650024,543.809998,543.076660,13629770
2021-08-20,540.000000,542.599976,522.200012,529.260010,528.546326,8280035
2021-08-23,533.000000,536.989990,507.109985,510.820007,510.131165,8559910
2021-08-24,514.000000,522.309998,508.000000,512.960022,512.268311,6996380
2021-08-25,515.380005,530.700012,514.150024,527.299988,526.588928,12582655
2021-08-26,529.590027,532.780029,523.000000,524.340027,523.632935,7009955
2021-08-27,525.000000,531.359985,521.000000,529.739990,529.025635,4466105
2021-08-30,533.599976,542.599976,531.799988,539.549988,538.822388,6642175
2021-08-31,542.200012,551.900024,540.200012,550.400024,549.657837,10251115
2021-09-01,551.000000,553.080017,543.599976,549.250000,548.509338,4574825
2021-09-02,549.200012,571.599976,548.599976,565.989990,565.226746,12314090
2021-09-03,568.799988,579.460022,565.299988,573.979980,573.205994,8757735
2021-09-06,577.119995,608.000000,575.830017,601.679993,600.868652,25302570
2021-09-07,610.000000,661.000000,609.070007,657.380005,656.493530,57776555
2021-09-08,666.000000,684.530029,653.109985,659.280029,658.390991,44363970
2021-09-09,650.000000,671.599976,636.450012,659.000000,658.111328,28326075
2021-09-13,663.000000,690.140015,662.000000,687.150024,686.223389,23892315
2021-09-14,697.400024,751.760010,695.200012,747.690002,746.681763,59109125
2021-09-15,758.799988,787.979980,730.450012,736.450012,735.456909,42781400
2021-09-16,748.960022,759.750000,736.450012,753.940002,752.923340,18011055
2021-09-17,764.000000,803.940002,758.140015,772.679993,771.638062,61620795
2021-09-20,769.760010,769.760010,736.039978,741.580017,740.580017,23477555
2021-09-21,745.729980,769.960022,710.000000,724.909973,724.909973,26517155
2021-09-22,734.799988,750.000000,728.099976,734.260010,734.260010,14540470
2021-09-23,748.799988,751.799988,736.000000,738.809998,738.809998,7153935
2021-09-24,744.000000,747.200012,728.000000,737.849976,737.849976,7698190
2021-09-27,747.020020,773.000000,740.200012,766.979980,766.979980,18612320
2021-09-28,779.000000,795.000000,756.400024,773.119995,773.119995,32886570
2021-09-29,771.780029,771.780029,751.109985,754.030029,754.030029,12895755
2021-09-30,764.000000,776.000000,755.440002,759.700012,759.700012,14624460
2021-10-01,755.400024,764.200012,746.630005,758.719971,758.719971,7999080
2021-10-04,762.520020,812.969971,761.679993,801.780029,801.780029,26394340
2021-10-05,817.000000,841.679993,801.000000,833.219971,833.219971,36846475
2021-10-06,839.799988,902.000000,836.000000,892.669983,892.669983,58581180
2021-10-07,919.599976,953.789978,905.010010,938.179993,938.179993,43227600
2021-10-08,964.799988,992.840027,944.219971,975.309998,975.309998,61367310
2021-10-11,980.979980,985.700012,950.000000,954.510010,954.510010,30074685
2021-10-12,953.000000,975.400024,945.000000,963.450012,963.450012,16397000
2021-10-13,970.200012,992.000000,966.250000,985.760010,985.760010,16210660
2021-10-14,1000.799988,1118.800049,998.000000,1092.709961,1092.709961,71177100
2021-10-18,1118.800049,1193.400024,1115.010010,1175.540039,1175.540039,39694580
2021-10-19,1235.000000,1279.260010,999.210022,1090.969971,1090.969971,74305750
2021-10-20,981.880005,999.960022,875.460022,886.869995,886.869995,98333925
2021-10-21,888.140015,950.000000,882.820007,914.650024,914.650024,46361195
2021-10-22,925.599976,936.000000,890.010010,924.510010,924.510010,28022520
2021-10-25,937.000000,937.000000,792.219971,804.469971,804.469971,38866505
2021-10-26,813.599976,880.000000,810.200012,837.900024,837.900024,41011205
2021-10-27,850.099976,866.960022,806.750000,826.030029,826.030029,26793965
2021-10-28,817.000000,983.000000,810.000000,913.500000,913.500000,59298778
2021-10-29,822.150024,906.450012,639.450012,845.700012,845.700012,82848030
2021-11-01,874.200012,885.000000,809.250000,855.450012,855.450012,29989312
2021-11-02,868.400024,868.799988,844.250000,848.200012,848.200012,9742650
2021-11-03,840.000000,848.900024,815.099976,819.849976,819.849976,10088006
2021-11-04,828.250000,828.250000,820.000000,822.250000,822.250000,2229843
2021-11-08,819.000000,840.000000,779.849976,832.849976,832.849976,11974709
2021-11-09,835.000000,858.000000,834.000000,856.000000,856.000000,9656004